,Z,Period,Group,EN,CR,CM_type,CM_morph,MS2_morph,CP_morph,SSA,C,PW,CD,Cs,Cation_H,Cation_K,Cation_Li,Cation_Na,Anion_OH,Anion_SO4
0,23,4,5,1.63,1.44,0,0,1,0,5.5,6.0,0.5,1.0,152.0,False,True,False,False,True,False
1,23,4,5,1.63,1.44,0,0,1,0,5.5,6.0,0.5,2.0,145.0,False,True,False,False,True,False
2,23,4,5,1.63,1.44,0,0,1,0,5.5,6.0,0.5,5.0,136.0,False,True,False,False,True,False
3,23,4,5,1.63,1.44,0,0,1,0,5.5,6.0,0.5,10.0,120.0,False,True,False,False,True,False
4,23,4,5,1.63,1.44,0,0,1,0,5.5,6.0,0.5,15.0,90.0,False,True,False,False,True,False
5,23,4,5,1.63,1.44,0,0,3,0,15.59,2.0,0.55,0.2,320.7,False,True,False,False,True,False
6,23,4,5,1.63,1.44,0,0,3,0,15.59,2.0,0.55,0.5,289.9,False,True,False,False,True,False
7,23,4,5,1.63,1.44,0,0,3,0,15.59,2.0,0.55,1.0,269.7,False,True,False,False,True,False
8,23,4,5,1.63,1.44,0,0,3,0,15.59,2.0,0.55,2.0,238.4,False,True,False,False,True,False
9,23,4,5,1.63,1.44,0,0,3,0,15.59,2.0,0.55,4.0,198.7,False,True,False,False,True,False
10,23,4,5,1.63,1.44,0,0,3,0,15.59,2.0,0.55,10.0,155.8,False,True,False,False,True,False
11,23,4,5,1.63,1.44,3,3,3,2,69.72,2.0,0.55,0.2,836.7,False,True,False,False,True,False
12,23,4,5,1.63,1.44,3,3,3,2,69.72,2.0,0.55,0.5,789.8,False,True,False,False,True,False
13,23,4,5,1.63,1.44,3,3,3,2,69.72,2.0,0.55,1.0,702.2,False,True,False,False,True,False
14,23,4,5,1.63,1.44,3,3,3,2,69.72,2.0,0.55,2.0,616.5,False,True,False,False,True,False
15,23,4,5,1.63,1.44,3,3,3,2,69.72,2.0,0.55,4.0,468.9,False,True,False,False,True,False
16,23,4,5,1.63,1.44,3,3,3,2,69.72,2.0,0.55,10.0,407.3,False,True,False,False,True,False
17,23,4,5,1.63,1.44,2,4,3,1,32.3,2.0,0.5,1.0,211.0,False,True,False,False,True,False
18,23,4,5,1.63,1.44,2,4,3,1,32.3,2.0,0.5,2.0,202.56,False,True,False,False,True,False
19,23,4,5,1.63,1.44,2,4,3,1,32.3,2.0,0.5,10.0,170.91,False,True,False,False,True,False
20,23,4,5,1.63,1.44,2,4,3,1,32.3,2.0,0.5,20.0,135.04,False,True,False,False,True,False
21,26,4,8,1.83,1.24,0,0,3,0,4.04,6.0,0.55,0.5,163.0,False,True,False,False,True,False
22,26,4,8,1.83,1.24,0,0,3,0,4.04,6.0,0.55,1.0,92.0,False,True,False,False,True,False
23,26,4,8,1.83,1.24,0,0,3,0,4.04,6.0,0.55,2.0,82.0,False,True,False,False,True,False
24,26,4,8,1.83,1.24,0,0,3,0,4.04,6.0,0.55,3.0,78.0,False,True,False,False,True,False
25,26,4,8,1.83,1.24,0,0,3,0,4.04,6.0,0.55,5.0,75.0,False,True,False,False,True,False
26,26,4,8,1.83,1.24,0,0,3,0,4.04,6.0,0.55,10.0,74.0,False,True,False,False,True,False
27,26,4,8,1.83,1.24,2,2,2,1,8.39,6.0,0.55,0.5,312.0,False,True,False,False,True,False
28,26,4,8,1.83,1.24,2,2,2,1,8.39,6.0,0.55,1.0,288.0,False,True,False,False,True,False
29,26,4,8,1.83,1.24,2,2,2,1,8.39,6.0,0.55,2.0,268.0,False,True,False,False,True,False
30,26,4,8,1.83,1.24,2,2,2,1,8.39,6.0,0.55,3.0,216.0,False,True,False,False,True,False
31,26,4,8,1.83,1.24,2,2,2,1,8.39,6.0,0.55,5.0,200.0,False,True,False,False,True,False
32,26,4,8,1.83,1.24,2,2,2,1,8.39,6.0,0.55,10.0,172.0,False,True,False,False,True,False
33,26,4,8,1.83,1.24,2,2,3,1,218.4,6.0,0.6,1.0,529.0,False,True,False,False,True,False
34,26,4,8,1.83,1.24,2,2,3,1,218.4,6.0,0.6,2.0,481.0,False,True,False,False,True,False
35,26,4,8,1.83,1.24,2,2,3,1,218.4,6.0,0.6,5.0,443.0,False,True,False,False,True,False
36,26,4,8,1.83,1.24,2,2,3,1,218.4,6.0,0.6,10.0,401.0,False,True,False,False,True,False
37,26,4,8,1.83,1.24,2,2,3,1,218.4,6.0,0.6,20.0,349.0,False,True,False,False,True,False
38,42,5,6,2.16,1.46,0,0,2,0,24.0,6.0,1.0,1.0,216.0,False,True,False,False,True,False
39,42,5,6,2.16,1.46,0,0,2,0,24.0,6.0,1.0,2.0,160.0,False,True,False,False,True,False
40,42,5,6,2.16,1.46,0,0,2,0,24.0,6.0,1.0,3.0,140.0,False,True,False,False,True,False
41,42,5,6,2.16,1.46,0,0,2,0,24.0,6.0,1.0,4.0,121.0,False,True,False,False,True,False
42,42,5,6,2.16,1.46,0,0,2,0,24.0,6.0,1.0,5.0,109.0,False,True,False,False,True,False
43,42,5,6,2.16,1.46,0,0,2,0,24.0,6.0,1.0,7.0,86.0,False,True,False,False,True,False
44,26,4,8,1.83,1.24,0,0,3,0,23.8,2.0,1.1,1.0,471.0,False,True,False,False,True,False
45,26,4,8,1.83,1.24,0,0,3,0,23.8,2.0,1.1,2.0,398.0,False,True,False,False,True,False
46,26,4,8,1.83,1.24,0,0,3,0,23.8,2.0,1.1,3.0,369.0,False,True,False,False,True,False
47,26,4,8,1.83,1.24,0,0,3,0,23.8,2.0,1.1,5.0,356.0,False,True,False,False,True,False
48,26,4,8,1.83,1.24,0,0,3,0,23.8,2.0,1.1,10.0,335.0,False,True,False,False,True,False
49,26,4,8,1.83,1.24,0,0,3,0,23.8,2.0,1.1,15.0,321.0,False,True,False,False,True,False
50,26,4,8,1.83,1.24,0,0,3,0,23.8,2.0,1.1,20.0,307.0,False,True,False,False,True,False
51,26,4,8,1.83,1.24,3,3,3,2,17.37,1.0,1.0,2.0,228.0,False,True,False,False,True,False
52,26,4,8,1.83,1.24,3,3,3,2,17.37,1.0,1.0,4.0,170.0,False,True,False,False,True,False
53,26,4,8,1.83,1.24,3,3,3,2,17.37,1.0,1.0,6.0,140.0,False,True,False,False,True,False
54,26,4,8,1.83,1.24,3,3,3,2,17.37,1.0,1.0,8.0,119.0,False,True,False,False,True,False
55,26,4,8,1.83,1.24,3,3,3,2,17.37,1.0,1.0,10.0,91.0,False,True,False,False,True,False
56,26,4,8,1.83,1.24,3,3,3,2,27.36,1.0,1.0,2.0,303.0,False,True,False,False,True,False
57,26,4,8,1.83,1.24,3,3,3,2,27.36,1.0,1.0,4.0,235.0,False,True,False,False,True,False
58,26,4,8,1.83,1.24,3,3,3,2,27.36,1.0,1.0,6.0,210.0,False,True,False,False,True,False
59,26,4,8,1.83,1.24,3,3,3,2,27.36,1.0,1.0,8.0,192.0,False,True,False,False,True,False
60,26,4,8,1.83,1.24,3,3,3,2,27.36,1.0,1.0,10.0,176.0,False,True,False,False,True,False
61,26,4,8,1.83,1.24,3,3,3,2,11.0,1.0,1.0,2.0,105.0,False,True,False,False,True,False
62,26,4,8,1.83,1.24,3,3,3,2,11.0,1.0,1.0,4.0,84.0,False,True,False,False,True,False
63,26,4,8,1.83,1.24,3,3,3,2,11.0,1.0,1.0,6.0,74.0,False,True,False,False,True,False
64,26,4,8,1.83,1.24,3,3,3,2,11.0,1.0,1.0,8.0,63.0,False,True,False,False,True,False
65,26,4,8,1.83,1.24,3,3,3,2,11.0,1.0,1.0,10.0,60.0,False,True,False,False,True,False
66,26,4,8,1.83,1.24,0,0,3,0,3.6,2.0,1.1,3.0,459.0,False,True,False,False,True,False
67,26,4,8,1.83,1.24,0,0,3,0,3.6,2.0,1.1,5.0,372.0,False,True,False,False,True,False
68,26,4,8,1.83,1.24,0,0,3,0,3.6,2.0,1.1,10.0,309.0,False,True,False,False,True,False
69,26,4,8,1.83,1.24,0,0,3,0,3.6,2.0,1.1,15.0,299.0,False,True,False,False,True,False
70,26,4,8,1.83,1.24,0,0,3,0,3.6,2.0,1.1,20.0,289.0,False,True,False,False,True,False
71,26,4,8,1.83,1.24,0,0,3,0,3.6,2.0,1.1,30.0,269.0,False,True,False,False,True,False
72,26,4,8,1.83,1.24,2,2,3,1,135.0,2.0,1.1,3.0,721.0,False,True,False,False,True,False
73,26,4,8,1.83,1.24,2,2,3,1,135.0,2.0,1.1,5.0,650.0,False,True,False,False,True,False
74,26,4,8,1.83,1.24,2,2,3,1,135.0,2.0,1.1,10.0,621.0,False,True,False,False,True,False
75,26,4,8,1.83,1.24,2,2,3,1,135.0,2.0,1.1,15.0,617.0,False,True,False,False,True,False
76,26,4,8,1.83,1.24,2,2,3,1,135.0,2.0,1.1,20.0,614.0,False,True,False,False,True,False
77,26,4,8,1.83,1.24,2,2,3,1,135.0,2.0,1.1,30.0,589.0,False,True,False,False,True,False
78,26,4,8,1.83,1.24,2,2,4,1,165.0,2.0,1.1,3.0,769.0,False,True,False,False,True,False
79,26,4,8,1.83,1.24,2,2,4,1,165.0,2.0,1.1,5.0,708.0,False,True,False,False,True,False
80,26,4,8,1.83,1.24,2,2,4,1,165.0,2.0,1.1,10.0,637.0,False,True,False,False,True,False
81,26,4,8,1.83,1.24,2,2,4,1,165.0,2.0,1.1,15.0,587.0,False,True,False,False,True,False
82,26,4,8,1.83,1.24,2,2,4,1,165.0,2.0,1.1,20.0,570.0,False,True,False,False,True,False
83,26,4,8,1.83,1.24,2,2,4,1,165.0,2.0,1.1,30.0,555.0,False,True,False,False,True,False
84,27,4,9,1.88,1.18,0,0,5,0,127.6,2.0,0.5,1.0,1301.0,False,True,False,False,True,False
85,27,4,9,1.88,1.18,0,0,5,0,127.6,2.0,0.5,2.5,1073.0,False,True,False,False,True,False
86,27,4,9,1.88,1.18,0,0,5,0,127.6,2.0,0.5,5.0,883.0,False,True,False,False,True,False
87,27,4,9,1.88,1.18,0,0,5,0,127.6,2.0,0.5,10.0,650.0,False,True,False,False,True,False
88,27,4,9,1.88,1.18,0,0,5,0,127.6,2.0,0.5,20.0,450.0,False,True,False,False,True,False
89,27,4,9,1.88,1.18,0,0,5,0,98.3,2.0,0.5,1.0,1180.0,False,True,False,False,True,False
90,27,4,9,1.88,1.18,0,0,5,0,98.3,2.0,0.5,2.5,952.0,False,True,False,False,True,False
91,27,4,9,1.88,1.18,0,0,5,0,98.3,2.0,0.5,5.0,733.0,False,True,False,False,True,False
92,27,4,9,1.88,1.18,0,0,5,0,98.3,2.0,0.5,10.0,531.0,False,True,False,False,True,False
93,27,4,9,1.88,1.18,0,0,5,0,98.3,2.0,0.5,20.0,339.0,False,True,False,False,True,False
94,27,4,9,1.88,1.18,0,0,5,0,65.1,2.0,0.5,1.0,1079.0,False,True,False,False,True,False
95,27,4,9,1.88,1.18,0,0,5,0,65.1,2.0,0.5,2.5,883.0,False,True,False,False,True,False
96,27,4,9,1.88,1.18,0,0,5,0,65.1,2.0,0.5,5.0,681.0,False,True,False,False,True,False
97,27,4,9,1.88,1.18,0,0,5,0,65.1,2.0,0.5,10.0,471.0,False,True,False,False,True,False
98,27,4,9,1.88,1.18,0,0,5,0,65.1,2.0,0.5,20.0,271.0,False,True,False,False,True,False
99,27,4,9,1.88,1.18,0,0,4,0,41.5,2.0,0.5,1.0,899.0,False,True,False,False,True,False
100,27,4,9,1.88,1.18,0,0,4,0,41.5,2.0,0.5,2.5,733.0,False,True,False,False,True,False
101,27,4,9,1.88,1.18,0,0,4,0,41.5,2.0,0.5,5.0,583.0,False,True,False,False,True,False
102,27,4,9,1.88,1.18,0,0,4,0,41.5,2.0,0.5,10.0,388.0,False,True,False,False,True,False
103,27,4,9,1.88,1.18,0,0,4,0,41.5,2.0,0.5,20.0,221.0,False,True,False,False,True,False
104,27,4,9,1.88,1.18,0,0,0,0,3.2,2.0,0.5,1.0,624.0,False,True,False,False,True,False
105,27,4,9,1.88,1.18,0,0,0,0,3.2,2.0,0.5,2.5,495.0,False,True,False,False,True,False
106,27,4,9,1.88,1.18,0,0,0,0,3.2,2.0,0.5,5.0,345.0,False,True,False,False,True,False
107,27,4,9,1.88,1.18,0,0,0,0,3.2,2.0,0.5,10.0,212.0,False,True,False,False,True,False
108,27,4,9,1.88,1.18,0,0,0,0,3.2,2.0,0.5,20.0,93.0,False,True,False,False,True,False
109,27,4,9,1.88,1.18,0,0,4,0,17.46,2.0,0.6,1.0,236.5,False,True,False,False,True,False
110,27,4,9,1.88,1.18,0,0,4,0,17.46,2.0,0.6,2.0,225.3,False,True,False,False,True,False
111,27,4,9,1.88,1.18,0,0,4,0,17.46,2.0,0.6,5.0,203.3,False,True,False,False,True,False
112,27,4,9,1.88,1.18,0,0,4,0,17.46,2.0,0.6,10.0,175.0,False,True,False,False,True,False
113,27,4,9,1.88,1.18,0,0,4,0,17.46,2.0,0.6,15.0,152.5,False,True,False,False,True,False
114,27,4,9,1.88,1.18,0,0,3,0,21.0,2.0,0.4,2.0,624.1,False,True,False,False,True,False
115,27,4,9,1.88,1.18,2,2,3,3,93.0,2.0,0.4,2.0,929.0,False,True,False,False,True,False
116,27,4,9,1.88,1.18,2,2,3,3,93.0,2.0,0.4,4.0,855.0,False,True,False,False,True,False
117,27,4,9,1.88,1.18,2,2,3,3,93.0,2.0,0.4,8.0,798.0,False,True,False,False,True,False
118,27,4,9,1.88,1.18,2,2,3,3,93.0,2.0,0.4,14.0,713.0,False,True,False,False,True,False
119,27,4,9,1.88,1.18,2,2,3,3,93.0,2.0,0.4,20.0,677.0,False,True,False,False,True,False
120,27,4,9,1.88,1.18,0,0,2,0,66.416,2.0,0.6,1.0,718.7,False,True,False,False,True,False
121,27,4,9,1.88,1.18,0,0,2,0,66.416,2.0,0.6,2.0,696.7,False,True,False,False,True,False
122,27,4,9,1.88,1.18,0,0,2,0,66.416,2.0,0.6,5.0,620.8,False,True,False,False,True,False
123,27,4,9,1.88,1.18,0,0,2,0,66.416,2.0,0.6,10.0,536.7,False,True,False,False,True,False
124,27,4,9,1.88,1.18,0,0,2,0,66.416,2.0,0.6,20.0,476.7,False,True,False,False,True,False
125,27,4,9,1.88,1.18,0,0,2,0,46.204,2.0,0.6,1.0,554.0,False,True,False,False,True,False
126,27,4,9,1.88,1.18,0,0,2,0,46.204,2.0,0.6,2.0,540.0,False,True,False,False,True,False
127,27,4,9,1.88,1.18,0,0,2,0,46.204,2.0,0.6,5.0,497.0,False,True,False,False,True,False
128,27,4,9,1.88,1.18,0,0,2,0,46.204,2.0,0.6,10.0,469.0,False,True,False,False,True,False
129,27,4,9,1.88,1.18,0,0,2,0,46.204,2.0,0.6,20.0,417.0,False,True,False,False,True,False
130,27,4,9,1.88,1.18,0,0,4,0,3.31,2.0,0.6,1.0,180.0,False,True,False,False,True,False
131,27,4,9,1.88,1.18,0,0,4,0,3.31,2.0,0.6,2.0,167.0,False,True,False,False,True,False
132,27,4,9,1.88,1.18,0,0,4,0,3.31,2.0,0.6,5.0,143.0,False,True,False,False,True,False
133,27,4,9,1.88,1.18,0,0,4,0,3.31,2.0,0.6,10.0,115.0,False,True,False,False,True,False
134,27,4,9,1.88,1.18,0,0,4,0,3.31,2.0,0.6,20.0,78.0,False,True,False,False,True,False
135,27,4,9,1.88,1.18,0,0,3,0,29.3,2.0,0.65,0.5,654.0,False,True,False,False,True,False
136,27,4,9,1.88,1.18,0,0,3,0,29.3,2.0,0.65,1.0,595.0,False,True,False,False,True,False
137,27,4,9,1.88,1.18,0,0,3,0,29.3,2.0,0.65,5.0,499.0,False,True,False,False,True,False
138,27,4,9,1.88,1.18,0,0,3,0,36.31,6.0,0.4,0.5,996.16,False,True,False,False,True,False
139,27,4,9,1.88,1.18,0,0,3,0,36.31,6.0,0.4,1.0,986.95,False,True,False,False,True,False
140,27,4,9,1.88,1.18,0,0,3,0,36.31,6.0,0.4,2.0,979.9,False,True,False,False,True,False
141,27,4,9,1.88,1.18,0,0,3,0,36.31,6.0,0.4,3.0,972.75,False,True,False,False,True,False
142,27,4,9,1.88,1.18,0,0,3,0,36.31,6.0,0.4,4.0,966.0,False,True,False,False,True,False
143,27,4,9,1.88,1.18,0,0,3,0,36.31,6.0,0.4,5.0,957.5,False,True,False,False,True,False
144,27,4,9,1.88,1.18,0,0,3,0,13.09,6.0,0.4,0.5,354.13,False,True,False,False,True,False
145,27,4,9,1.88,1.18,0,0,3,0,13.09,6.0,0.4,1.0,342.5,False,True,False,False,True,False
146,27,4,9,1.88,1.18,0,0,3,0,13.09,6.0,0.4,2.0,321.7,False,True,False,False,True,False
147,27,4,9,1.88,1.18,0,0,3,0,13.09,6.0,0.4,3.0,307.7,False,True,False,False,True,False
148,27,4,9,1.88,1.18,0,0,3,0,13.09,6.0,0.4,4.0,294.5,False,True,False,False,True,False
149,27,4,9,1.88,1.18,0,0,3,0,13.09,6.0,0.4,5.0,289.5,False,True,False,False,True,False
150,27,4,9,1.88,1.18,0,0,5,0,113.9,2.0,0.5,1.0,936.0,False,True,False,False,True,False
151,27,4,9,1.88,1.18,0,0,5,0,113.9,2.0,0.5,2.0,883.2,False,True,False,False,True,False
152,27,4,9,1.88,1.18,0,0,5,0,113.9,2.0,0.5,5.0,810.0,False,True,False,False,True,False
153,27,4,9,1.88,1.18,0,0,5,0,113.9,2.0,0.5,10.0,746.0,False,True,False,False,True,False
154,27,4,9,1.88,1.18,0,0,5,0,113.9,2.0,0.5,20.0,686.4,False,True,False,False,True,False
155,27,4,9,1.88,1.18,0,0,4,0,67.08,3.0,0.45,1.0,426.6,False,True,False,False,True,False
156,27,4,9,1.88,1.18,0,0,4,0,67.08,3.0,0.45,10.0,404.8,False,True,False,False,True,False
157,27,4,9,1.88,1.18,0,0,4,0,67.08,3.0,0.45,20.0,382.7,False,True,False,False,True,False
158,28,4,10,1.91,1.17,0,0,4,0,201.38,3.0,0.45,1.0,951.6,False,True,False,False,True,False
159,28,4,10,1.91,1.17,0,0,4,0,201.38,3.0,0.45,2.0,809.0,False,True,False,False,True,False
160,28,4,10,1.91,1.17,0,0,4,0,201.38,3.0,0.45,3.0,743.0,False,True,False,False,True,False
161,28,4,10,1.91,1.17,0,0,4,0,201.38,3.0,0.45,5.0,669.0,False,True,False,False,True,False
162,28,4,10,1.91,1.17,0,0,4,0,201.38,3.0,0.45,10.0,553.0,False,True,False,False,True,False
163,28,4,10,1.91,1.17,0,0,4,0,201.38,3.0,0.45,20.0,442.0,False,True,False,False,True,False
164,42,5,6,2.16,1.46,0,0,2,0,58.2,2.0,0.5,1.0,116.8,False,True,False,False,True,False
165,42,5,6,2.16,1.46,0,0,2,0,58.2,2.0,0.5,2.0,102.0,False,True,False,False,True,False
166,42,5,6,2.16,1.46,0,0,2,0,58.2,2.0,0.5,5.0,72.0,False,True,False,False,True,False
167,42,5,6,2.16,1.46,0,0,2,0,58.2,2.0,0.5,10.0,44.0,False,True,False,False,True,False
168,27,4,9,1.88,1.18,0,0,3,0,51.2,2.0,0.5,1.0,464.4,False,True,False,False,True,False
169,27,4,9,1.88,1.18,0,0,3,0,51.2,2.0,0.5,2.0,437.0,False,True,False,False,True,False
170,27,4,9,1.88,1.18,0,0,3,0,51.2,2.0,0.5,5.0,367.0,False,True,False,False,True,False
171,27,4,9,1.88,1.18,0,0,3,0,51.2,2.0,0.5,10.0,297.0,False,True,False,False,True,False
172,27,4,9,1.88,1.18,3,3,3,4,253.8,6.0,0.5,1.0,653.8,False,True,False,False,True,False
173,27,4,9,1.88,1.18,3,3,3,4,253.8,6.0,0.5,2.0,616.4,False,True,False,False,True,False
174,27,4,9,1.88,1.18,3,3,3,4,253.8,6.0,0.5,5.0,571.0,False,True,False,False,True,False
175,27,4,9,1.88,1.18,3,3,3,4,253.8,6.0,0.5,7.0,560.2,False,True,False,False,True,False
176,27,4,9,1.88,1.18,3,3,3,4,253.8,6.0,0.5,10.0,544.2,False,True,False,False,True,False
177,27,4,9,1.88,1.18,3,3,4,1,60.27,6.0,0.45,1.0,574.0,False,True,False,False,True,False
178,27,4,9,1.88,1.18,3,3,4,1,60.27,6.0,0.45,2.0,444.0,False,True,False,False,True,False
179,27,4,9,1.88,1.18,3,3,4,1,60.27,6.0,0.45,3.0,358.0,False,True,False,False,True,False
180,27,4,9,1.88,1.18,3,3,4,1,60.27,6.0,0.45,5.0,278.0,False,True,False,False,True,False
181,27,4,9,1.88,1.18,3,3,4,1,60.27,6.0,0.45,10.0,188.0,False,True,False,False,True,False
182,27,4,9,1.88,1.18,3,3,4,1,60.27,6.0,0.45,15.0,156.0,False,True,False,False,True,False
183,27,4,9,1.88,1.18,3,3,4,1,60.27,6.0,0.45,20.0,133.0,False,True,False,False,True,False
184,27,4,9,1.88,1.18,1,3,1,1,15.735,2.0,0.5,2.0,535.0,False,True,False,False,True,False
185,27,4,9,1.88,1.18,1,3,1,1,15.735,2.0,0.5,3.0,496.0,False,True,False,False,True,False
186,27,4,9,1.88,1.18,1,3,1,1,15.735,2.0,0.5,5.0,462.0,False,True,False,False,True,False
187,27,4,9,1.88,1.18,1,3,1,1,15.735,2.0,0.5,10.0,324.0,False,True,False,False,True,False
188,27,4,9,1.88,1.18,1,1,4,4,109.3,6.0,0.5,1.0,589.0,False,True,False,False,True,False
189,27,4,9,1.88,1.18,1,1,4,4,109.3,6.0,0.5,3.0,552.0,False,True,False,False,True,False
190,27,4,9,1.88,1.18,1,1,4,4,109.3,6.0,0.5,5.0,530.0,False,True,False,False,True,False
191,27,4,9,1.88,1.18,1,1,4,4,109.3,6.0,0.5,7.0,507.0,False,True,False,False,True,False
192,27,4,9,1.88,1.18,1,1,4,4,109.3,6.0,0.5,10.0,479.0,False,True,False,False,True,False
193,27,4,9,1.88,1.18,1,1,4,4,128.4,6.0,0.5,1.0,822.0,False,True,False,False,True,False
194,27,4,9,1.88,1.18,1,1,4,4,128.4,6.0,0.5,3.0,753.0,False,True,False,False,True,False
195,27,4,9,1.88,1.18,1,1,4,4,128.4,6.0,0.5,5.0,713.0,False,True,False,False,True,False
196,27,4,9,1.88,1.18,1,1,4,4,128.4,6.0,0.5,7.0,682.0,False,True,False,False,True,False
197,27,4,9,1.88,1.18,1,1,4,4,128.4,6.0,0.5,10.0,630.0,False,True,False,False,True,False
198,27,4,9,1.88,1.18,1,1,4,4,100.2,6.0,0.5,1.0,448.0,False,True,False,False,True,False
199,27,4,9,1.88,1.18,1,1,4,4,100.2,6.0,0.5,3.0,427.0,False,True,False,False,True,False
200,27,4,9,1.88,1.18,1,1,4,4,100.2,6.0,0.5,5.0,406.0,False,True,False,False,True,False
201,27,4,9,1.88,1.18,1,1,4,4,100.2,6.0,0.5,7.0,385.0,False,True,False,False,True,False
202,27,4,9,1.88,1.18,1,1,4,4,100.2,6.0,0.5,10.0,348.0,False,True,False,False,True,False
203,27,4,9,1.88,1.18,3,4,4,1,98.07,2.0,0.45,1.0,1246.0,False,True,False,False,True,False
204,27,4,9,1.88,1.18,3,4,4,1,98.07,2.0,0.45,2.0,1178.0,False,True,False,False,True,False
205,27,4,9,1.88,1.18,3,4,4,1,98.07,2.0,0.45,4.0,1088.0,False,True,False,False,True,False
206,27,4,9,1.88,1.18,3,4,4,1,98.07,2.0,0.45,8.0,957.0,False,True,False,False,True,False
207,27,4,9,1.88,1.18,3,4,4,1,98.07,2.0,0.45,16.0,787.0,False,True,False,False,True,False
208,27,4,9,1.88,1.18,3,3,4,3,111.3,2.0,0.5,1.0,1008.0,False,True,False,False,True,False
209,27,4,9,1.88,1.18,3,3,4,3,111.3,2.0,0.5,2.0,964.0,False,True,False,False,True,False
210,27,4,9,1.88,1.18,3,3,4,3,111.3,2.0,0.5,5.0,873.0,False,True,False,False,True,False
211,27,4,9,1.88,1.18,3,3,4,3,111.3,2.0,0.5,8.0,788.0,False,True,False,False,True,False
212,27,4,9,1.88,1.18,3,3,4,3,111.3,2.0,0.5,10.0,740.0,False,True,False,False,True,False
213,27,4,9,1.88,1.18,1,1,4,1,16.3,3.0,0.45,1.0,518.4,False,True,False,False,True,False
214,27,4,9,1.88,1.18,1,1,4,1,16.3,3.0,0.45,2.0,397.0,False,True,False,False,True,False
215,27,4,9,1.88,1.18,1,1,4,1,16.3,3.0,0.45,3.0,331.0,False,True,False,False,True,False
216,27,4,9,1.88,1.18,1,1,4,1,16.3,3.0,0.45,5.0,272.0,False,True,False,False,True,False
217,27,4,9,1.88,1.18,1,1,4,1,16.3,3.0,0.45,10.0,215.0,False,True,False,False,True,False
218,27,4,9,1.88,1.18,1,1,4,1,22.4,3.0,0.45,1.0,688.8,False,True,False,False,True,False
219,27,4,9,1.88,1.18,1,1,4,1,22.4,3.0,0.45,2.0,538.0,False,True,False,False,True,False
220,27,4,9,1.88,1.18,1,1,4,1,22.4,3.0,0.45,3.0,456.0,False,True,False,False,True,False
221,27,4,9,1.88,1.18,1,1,4,1,22.4,3.0,0.45,5.0,384.0,False,True,False,False,True,False
222,27,4,9,1.88,1.18,1,1,4,1,22.4,3.0,0.45,10.0,317.0,False,True,False,False,True,False
223,27,4,9,1.88,1.18,3,3,3,4,28.0,2.0,0.4,0.5,146.0,False,True,False,False,True,False
224,27,4,9,1.88,1.18,3,3,3,4,28.0,2.0,0.4,1.0,139.0,False,True,False,False,True,False
225,27,4,9,1.88,1.18,3,3,3,4,28.0,2.0,0.4,2.0,125.0,False,True,False,False,True,False
226,27,4,9,1.88,1.18,3,3,3,4,28.0,2.0,0.4,5.0,112.0,False,True,False,False,True,False
227,27,4,9,1.88,1.18,3,3,3,4,28.0,2.0,0.4,10.0,72.0,False,True,False,False,True,False
228,27,4,9,1.88,1.18,3,3,3,4,8.0,2.0,0.4,0.5,405.0,False,True,False,False,True,False
229,27,4,9,1.88,1.18,3,3,3,4,8.0,2.0,0.4,1.0,385.0,False,True,False,False,True,False
230,27,4,9,1.88,1.18,3,3,3,4,8.0,2.0,0.4,2.0,278.0,False,True,False,False,True,False
231,27,4,9,1.88,1.18,3,3,3,4,8.0,2.0,0.4,5.0,200.0,False,True,False,False,True,False
232,27,4,9,1.88,1.18,3,3,3,4,8.0,2.0,0.4,10.0,158.0,False,True,False,False,True,False
233,27,4,9,1.88,1.18,3,3,3,4,18.0,2.0,0.4,0.5,825.0,False,True,False,False,True,False
234,27,4,9,1.88,1.18,3,3,3,4,18.0,2.0,0.4,1.0,782.0,False,True,False,False,True,False
235,27,4,9,1.88,1.18,3,3,3,4,18.0,2.0,0.4,2.0,550.0,False,True,False,False,True,False
236,27,4,9,1.88,1.18,3,3,3,4,18.0,2.0,0.4,5.0,375.0,False,True,False,False,True,False
237,27,4,9,1.88,1.18,3,3,3,4,18.0,2.0,0.4,10.0,268.0,False,True,False,False,True,False
238,27,4,9,1.88,1.18,3,4,4,1,208.0,2.0,0.45,2.0,513.0,False,True,False,False,True,False
239,27,4,9,1.88,1.18,3,4,4,1,208.0,2.0,0.45,5.0,434.0,False,True,False,False,True,False
240,27,4,9,1.88,1.18,3,4,4,1,208.0,2.0,0.45,10.0,368.0,False,True,False,False,True,False
241,27,4,9,1.88,1.18,3,4,4,1,208.0,2.0,0.45,15.0,324.0,False,True,False,False,True,False
242,28,4,10,1.91,1.17,0,0,5,0,24.2,2.0,0.55,5.0,1725.0,False,False,True,False,True,False
243,28,4,10,1.91,1.17,0,0,5,0,24.2,2.0,0.55,10.0,1584.0,False,False,True,False,True,False
244,28,4,10,1.91,1.17,0,0,5,0,24.2,2.0,0.55,15.0,1489.0,False,False,True,False,True,False
245,28,4,10,1.91,1.17,0,0,5,0,24.2,2.0,0.55,20.0,1411.0,False,False,True,False,True,False
246,28,4,10,1.91,1.17,0,0,5,0,24.2,2.0,0.55,30.0,1293.0,False,False,True,False,True,False
247,28,4,10,1.91,1.17,0,0,5,0,24.2,2.0,0.55,40.0,1193.0,False,False,True,False,True,False
248,28,4,10,1.91,1.17,0,0,3,0,19.93,6.0,0.55,2.0,1072.6,False,True,False,False,True,False
249,28,4,10,1.91,1.17,0,0,3,0,19.93,6.0,0.55,3.0,912.7,False,True,False,False,True,False
250,28,4,10,1.91,1.17,0,0,3,0,19.93,6.0,0.55,5.0,744.6,False,True,False,False,True,False
251,28,4,10,1.91,1.17,0,0,3,0,19.93,6.0,0.55,7.0,618.5,False,True,False,False,True,False
252,28,4,10,1.91,1.17,0,0,3,0,19.93,6.0,0.55,10.0,480.7,False,True,False,False,True,False
253,28,4,10,1.91,1.17,0,0,3,0,6.31,1.0,0.45,1.0,782.666666666667,False,True,False,False,True,False
254,28,4,10,1.91,1.17,0,0,3,0,6.31,1.0,0.45,2.0,590.444444444444,False,True,False,False,True,False
255,28,4,10,1.91,1.17,0,0,3,0,6.31,1.0,0.45,5.0,408.0,False,True,False,False,True,False
256,28,4,10,1.91,1.17,0,0,3,0,6.31,1.0,0.45,10.0,310.0,False,True,False,False,True,False
257,28,4,10,1.91,1.17,0,0,3,0,6.31,1.0,0.45,20.0,237.333333333333,False,True,False,False,True,False
258,28,4,10,1.91,1.17,0,0,3,0,6.31,1.0,0.45,50.0,168.666666666667,False,True,False,False,True,False
259,28,4,10,1.91,1.17,0,0,0,0,66.5,6.0,0.45,0.5,566.0,False,True,False,False,True,False
260,28,4,10,1.91,1.17,0,0,0,0,66.5,6.0,0.45,1.0,536.9,False,True,False,False,True,False
261,28,4,10,1.91,1.17,0,0,0,0,66.5,6.0,0.45,2.0,382.7,False,True,False,False,True,False
262,28,4,10,1.91,1.17,0,0,0,0,66.5,6.0,0.45,4.0,218.6,False,True,False,False,True,False
263,28,4,10,1.91,1.17,0,0,0,0,66.5,6.0,0.45,6.0,112.9,False,True,False,False,True,False
264,28,4,10,1.91,1.17,0,0,0,0,66.5,6.0,0.45,8.0,47.8,False,True,False,False,True,False
265,28,4,10,1.91,1.17,0,0,0,0,66.5,6.0,0.45,10.0,28.8,False,True,False,False,True,False
266,28,4,10,1.91,1.17,0,0,2,0,11.41,2.0,0.6,1.0,1355.0,False,False,True,False,True,False
267,28,4,10,1.91,1.17,0,0,2,0,11.41,2.0,0.6,2.0,1240.0,False,False,True,False,True,False
268,28,4,10,1.91,1.17,0,0,2,0,11.41,2.0,0.6,5.0,1133.0,False,False,True,False,True,False
269,28,4,10,1.91,1.17,0,0,2,0,11.41,2.0,0.6,10.0,1050.0,False,False,True,False,True,False
270,28,4,10,1.91,1.17,0,0,2,0,11.41,2.0,0.6,15.0,1000.0,False,False,True,False,True,False
271,28,4,10,1.91,1.17,0,0,2,0,11.41,2.0,0.6,20.0,967.0,False,False,True,False,True,False
272,28,4,10,1.91,1.17,0,0,5,0,59.2,6.0,0.55,1.0,1020.2,False,True,False,False,True,False
273,28,4,10,1.91,1.17,0,0,5,0,59.2,6.0,0.55,2.0,821.2,False,True,False,False,True,False
274,28,4,10,1.91,1.17,0,0,5,0,59.2,6.0,0.55,3.0,728.7,False,True,False,False,True,False
275,28,4,10,1.91,1.17,0,0,5,0,59.2,6.0,0.55,5.0,643.6,False,True,False,False,True,False
276,28,4,10,1.91,1.17,0,0,5,0,59.2,6.0,0.55,7.0,601.8,False,True,False,False,True,False
277,28,4,10,1.91,1.17,0,0,5,0,59.2,6.0,0.55,10.0,534.9,False,True,False,False,True,False
278,28,4,10,1.91,1.17,0,0,5,0,12.39,2.0,0.4,2.0,1541.0,False,True,False,False,True,False
279,28,4,10,1.91,1.17,0,0,5,0,12.39,2.0,0.4,3.0,1421.0,False,True,False,False,True,False
280,28,4,10,1.91,1.17,0,0,5,0,12.39,2.0,0.4,4.0,1349.0,False,True,False,False,True,False
281,28,4,10,1.91,1.17,0,0,5,0,12.39,2.0,0.4,8.0,1213.0,False,True,False,False,True,False
282,28,4,10,1.91,1.17,0,0,5,0,12.39,2.0,0.4,10.0,1150.0,False,True,False,False,True,False
283,28,4,10,1.91,1.17,0,0,5,0,12.39,2.0,0.4,20.0,874.0,False,True,False,False,True,False
284,27,4,9,1.88,1.18,0,0,3,0,25.1,2.0,0.4,2.0,485.0,False,True,False,False,True,False
285,27,4,9,1.88,1.18,0,0,3,0,25.1,2.0,0.4,3.0,464.0,False,True,False,False,True,False
286,27,4,9,1.88,1.18,0,0,3,0,25.1,2.0,0.4,4.0,446.0,False,True,False,False,True,False
287,27,4,9,1.88,1.18,0,0,3,0,25.1,2.0,0.4,8.0,375.0,False,True,False,False,True,False
288,27,4,9,1.88,1.18,0,0,3,0,25.1,2.0,0.4,10.0,354.0,False,True,False,False,True,False
289,27,4,9,1.88,1.18,0,0,3,0,25.1,2.0,0.4,20.0,254.0,False,True,False,False,True,False
290,28,4,10,1.91,1.17,2,4,3,2,46.0,6.0,0.5,1.0,1443.0,False,True,False,False,True,False
291,28,4,10,1.91,1.17,2,4,3,2,46.0,6.0,0.5,2.0,1027.0,False,True,False,False,True,False
292,28,4,10,1.91,1.17,2,4,3,2,46.0,6.0,0.5,5.0,729.0,False,True,False,False,True,False
293,28,4,10,1.91,1.17,2,4,3,2,46.0,6.0,0.5,10.0,475.0,False,True,False,False,True,False
294,28,4,10,1.91,1.17,2,4,3,2,46.0,6.0,0.5,20.0,239.0,False,True,False,False,True,False
295,28,4,10,1.91,1.17,2,4,3,2,126.0,6.0,0.5,1.0,1652.0,False,True,False,False,True,False
296,28,4,10,1.91,1.17,2,4,3,2,126.0,6.0,0.5,2.0,1155.0,False,True,False,False,True,False
297,28,4,10,1.91,1.17,2,4,3,2,126.0,6.0,0.5,5.0,926.0,False,True,False,False,True,False
298,28,4,10,1.91,1.17,2,4,3,2,126.0,6.0,0.5,10.0,768.0,False,True,False,False,True,False
299,28,4,10,1.91,1.17,2,4,3,2,126.0,6.0,0.5,20.0,594.0,False,True,False,False,True,False
300,28,4,10,1.91,1.17,2,4,3,2,111.0,6.0,0.5,1.0,1467.0,False,True,False,False,True,False
301,28,4,10,1.91,1.17,2,4,3,2,111.0,6.0,0.5,2.0,1061.0,False,True,False,False,True,False
302,28,4,10,1.91,1.17,2,4,3,2,111.0,6.0,0.5,5.0,864.0,False,True,False,False,True,False
303,28,4,10,1.91,1.17,2,4,3,2,111.0,6.0,0.5,10.0,684.0,False,True,False,False,True,False
304,28,4,10,1.91,1.17,2,4,3,2,111.0,6.0,0.5,20.0,406.0,False,True,False,False,True,False
305,28,4,10,1.91,1.17,2,4,3,2,87.0,6.0,0.5,1.0,1362.0,False,True,False,False,True,False
306,28,4,10,1.91,1.17,2,4,3,2,87.0,6.0,0.5,2.0,968.0,False,True,False,False,True,False
307,28,4,10,1.91,1.17,2,4,3,2,87.0,6.0,0.5,5.0,734.0,False,True,False,False,True,False
308,28,4,10,1.91,1.17,2,4,3,2,87.0,6.0,0.5,10.0,556.0,False,True,False,False,True,False
309,28,4,10,1.91,1.17,2,4,3,2,87.0,6.0,0.5,20.0,345.0,False,True,False,False,True,False
310,28,4,10,1.91,1.17,3,1,3,4,62.55,6.0,0.5,0.5,500.0,False,True,False,False,True,False
311,28,4,10,1.91,1.17,3,1,3,4,62.55,6.0,0.5,1.0,456.0,False,True,False,False,True,False
312,28,4,10,1.91,1.17,3,1,3,4,62.55,6.0,0.5,2.0,408.0,False,True,False,False,True,False
313,28,4,10,1.91,1.17,3,1,3,4,62.55,6.0,0.5,3.0,376.2,False,True,False,False,True,False
314,28,4,10,1.91,1.17,3,1,3,4,62.55,6.0,0.5,5.0,330.0,False,True,False,False,True,False
315,28,4,10,1.91,1.17,0,0,0,0,18.5,6.0,0.4,3.0,834.0,False,True,False,False,True,False
316,28,4,10,1.91,1.17,1,1,2,1,72.6,3.0,0.4,0.4,1168.0,False,True,False,False,True,False
317,28,4,10,1.91,1.17,1,1,2,1,72.6,3.0,0.4,0.8,1074.0,False,True,False,False,True,False
318,28,4,10,1.91,1.17,1,1,2,1,72.6,3.0,0.4,1.0,868.0,False,True,False,False,True,False
319,28,4,10,1.91,1.17,1,1,2,1,72.6,3.0,0.4,2.0,679.0,False,True,False,False,True,False
320,28,4,10,1.91,1.17,1,1,2,1,72.6,3.0,0.4,5.0,582.0,False,True,False,False,True,False
321,28,4,10,1.91,1.17,3,3,4,4,12.048,2.0,0.5,0.5,650.0,False,True,False,False,True,False
322,28,4,10,1.91,1.17,3,3,4,4,12.048,2.0,0.5,1.0,643.0,False,True,False,False,True,False
323,28,4,10,1.91,1.17,3,3,4,4,12.048,2.0,0.5,2.0,614.0,False,True,False,False,True,False
324,28,4,10,1.91,1.17,3,3,4,4,12.048,2.0,0.5,3.0,584.0,False,True,False,False,True,False
325,28,4,10,1.91,1.17,3,3,4,4,12.048,2.0,0.5,4.0,546.0,False,True,False,False,True,False
326,28,4,10,1.91,1.17,3,3,4,4,12.048,2.0,0.5,5.0,509.0,False,True,False,False,True,False
327,28,4,10,1.91,1.17,3,3,4,4,43.478,2.0,0.5,0.5,901.0,False,True,False,False,True,False
328,28,4,10,1.91,1.17,3,3,4,4,43.478,2.0,0.5,1.0,895.0,False,True,False,False,True,False
329,28,4,10,1.91,1.17,3,3,4,4,43.478,2.0,0.5,2.0,848.0,False,True,False,False,True,False
330,28,4,10,1.91,1.17,3,3,4,4,43.478,2.0,0.5,3.0,800.0,False,True,False,False,True,False
331,28,4,10,1.91,1.17,3,3,4,4,43.478,2.0,0.5,4.0,736.0,False,True,False,False,True,False
332,28,4,10,1.91,1.17,3,3,4,4,43.478,2.0,0.5,5.0,672.0,False,True,False,False,True,False
333,28,4,10,1.91,1.17,3,3,4,4,52.204,2.0,0.5,0.5,1573.0,False,True,False,False,True,False
334,28,4,10,1.91,1.17,3,3,4,4,52.204,2.0,0.5,1.0,1430.0,False,True,False,False,True,False
335,28,4,10,1.91,1.17,3,3,4,4,52.204,2.0,0.5,2.0,1251.0,False,True,False,False,True,False
336,28,4,10,1.91,1.17,3,3,4,4,52.204,2.0,0.5,3.0,1128.0,False,True,False,False,True,False
337,28,4,10,1.91,1.17,3,3,4,4,52.204,2.0,0.5,4.0,1024.0,False,True,False,False,True,False
338,28,4,10,1.91,1.17,3,3,4,4,52.204,2.0,0.5,5.0,930.0,False,True,False,False,True,False
339,28,4,10,1.91,1.17,3,3,4,4,37.656,2.0,0.5,0.5,729.0,False,True,False,False,True,False
340,28,4,10,1.91,1.17,3,3,4,4,37.656,2.0,0.5,1.0,678.0,False,True,False,False,True,False
341,28,4,10,1.91,1.17,3,3,4,4,37.656,2.0,0.5,2.0,614.0,False,True,False,False,True,False
342,28,4,10,1.91,1.17,3,3,4,4,37.656,2.0,0.5,3.0,549.0,False,True,False,False,True,False
343,28,4,10,1.91,1.17,3,3,4,4,37.656,2.0,0.5,4.0,478.0,False,True,False,False,True,False
344,28,4,10,1.91,1.17,3,3,4,4,37.656,2.0,0.5,5.0,419.0,False,True,False,False,True,False
345,28,4,10,1.91,1.17,3,3,5,3,18.0,2.0,0.4,1.0,1707.5,False,True,False,False,True,False
346,28,4,10,1.91,1.17,3,3,5,3,18.0,2.0,0.4,10.0,701.25,False,True,False,False,True,False
347,28,4,10,1.91,1.17,3,3,5,3,24.0,2.0,0.4,1.0,1843.25,False,True,False,False,True,False
348,28,4,10,1.91,1.17,3,3,5,3,24.0,2.0,0.4,2.0,1742.75,False,True,False,False,True,False
349,28,4,10,1.91,1.17,3,3,5,3,24.0,2.0,0.4,3.0,1661.0,False,True,False,False,True,False
350,28,4,10,1.91,1.17,3,3,5,3,24.0,2.0,0.4,5.0,1537.0,False,True,False,False,True,False
351,28,4,10,1.91,1.17,3,3,5,3,24.0,2.0,0.4,7.0,1414.25,False,True,False,False,True,False
352,28,4,10,1.91,1.17,3,3,5,3,24.0,2.0,0.4,10.0,1280.25,False,True,False,False,True,False
353,28,4,10,1.91,1.17,3,3,5,3,24.0,2.0,0.4,15.0,1121.5,False,True,False,False,True,False
354,40,5,4,1.33,1.64,0,0,0,0,32.0,2.0,0.65,1.0,813.5,False,True,False,False,True,False
355,40,5,4,1.33,1.64,0,0,0,0,32.0,2.0,0.65,1.0,638.0,False,True,False,False,True,False
356,40,5,4,1.33,1.64,0,0,0,0,32.0,2.0,0.65,1.0,515.0,False,True,False,False,True,False
357,40,5,4,1.33,1.64,2,2,0,1,59.0,2.0,0.65,1.0,1238.0,False,True,False,False,True,False
358,40,5,4,1.33,1.64,2,2,0,1,59.0,2.0,0.65,2.0,784.0,False,True,False,False,True,False
359,40,5,4,1.33,1.64,2,2,0,1,59.0,2.0,0.65,3.0,565.0,False,True,False,False,True,False
360,42,5,6,2.16,1.46,0,0,2,0,12.7,1.0,0.5,1.0,100.0,False,False,False,True,False,True
361,42,5,6,2.16,1.46,0,0,2,0,12.7,1.0,0.5,2.0,89.0,False,False,False,True,False,True
362,42,5,6,2.16,1.46,0,0,2,0,12.7,1.0,0.5,3.0,83.0,False,False,False,True,False,True
363,42,5,6,2.16,1.46,0,0,2,0,12.7,1.0,0.5,5.0,77.0,False,False,False,True,False,True
364,42,5,6,2.16,1.46,0,0,2,0,12.7,1.0,0.5,7.0,72.0,False,False,False,True,False,True
365,42,5,6,2.16,1.46,0,0,2,0,12.7,1.0,0.5,10.0,66.0,False,False,False,True,False,True
366,42,5,6,2.16,1.46,0,0,2,0,12.7,1.0,0.5,15.0,58.0,False,False,False,True,False,True
367,42,5,6,2.16,1.46,0,0,2,0,12.7,1.0,0.5,20.0,52.0,False,False,False,True,False,True
368,42,5,6,2.16,1.46,0,0,2,0,19.5,1.0,0.5,1.0,180.0,False,False,False,True,False,True
369,42,5,6,2.16,1.46,0,0,2,0,19.5,1.0,0.5,2.0,141.0,False,False,False,True,False,True
370,42,5,6,2.16,1.46,0,0,2,0,19.5,1.0,0.5,3.0,130.0,False,False,False,True,False,True
371,42,5,6,2.16,1.46,0,0,2,0,19.5,1.0,0.5,5.0,119.0,False,False,False,True,False,True
372,42,5,6,2.16,1.46,0,0,2,0,19.5,1.0,0.5,7.0,113.0,False,False,False,True,False,True
373,42,5,6,2.16,1.46,0,0,2,0,19.5,1.0,0.5,10.0,105.0,False,False,False,True,False,True
374,42,5,6,2.16,1.46,0,0,2,0,19.5,1.0,0.5,15.0,95.0,False,False,False,True,False,True
375,42,5,6,2.16,1.46,0,0,2,0,19.5,1.0,0.5,20.0,86.0,False,False,False,True,False,True
376,42,5,6,2.16,1.46,0,0,1,0,22.0,1.0,0.7,0.5,148.0,True,False,False,False,False,True
377,42,5,6,2.16,1.46,0,0,1,0,22.0,1.0,0.7,1.0,136.0,True,False,False,False,False,True
378,42,5,6,2.16,1.46,0,0,1,0,22.0,1.0,0.7,2.0,123.0,True,False,False,False,False,True
379,42,5,6,2.16,1.46,0,0,1,0,22.0,1.0,0.7,5.0,113.0,True,False,False,False,False,True
380,42,5,6,2.16,1.46,0,0,1,0,22.0,1.0,0.7,10.0,102.0,True,False,False,False,False,True
381,42,5,6,2.16,1.46,0,0,1,0,22.0,1.0,0.7,20.0,97.0,True,False,False,False,False,True
382,42,5,6,2.16,1.46,0,0,1,0,22.0,1.0,0.7,30.0,94.0,True,False,False,False,False,True
383,42,5,6,2.16,1.46,0,0,2,0,21.1,1.0,1.0,1.0,129.2,False,False,False,True,False,True
384,42,5,6,2.16,1.46,0,0,2,0,21.1,1.0,1.0,1.5,115.1,False,False,False,True,False,True
385,42,5,6,2.16,1.46,0,0,2,0,21.1,1.0,1.0,3.0,102.3,False,False,False,True,False,True
386,42,5,6,2.16,1.46,0,0,2,0,21.1,1.0,1.0,5.0,92.0,False,False,False,True,False,True
387,42,5,6,2.16,1.46,0,0,2,0,21.1,1.0,1.0,10.0,73.8,False,False,False,True,False,True
388,42,5,6,2.16,1.46,0,0,1,0,6.64,1.0,1.0,0.1,226.1,False,False,False,True,False,True
389,42,5,6,2.16,1.46,0,0,1,0,6.64,1.0,1.0,0.2,150.7,False,False,False,True,False,True
390,42,5,6,2.16,1.46,0,0,1,0,6.64,1.0,1.0,0.3,133.8,False,False,False,True,False,True
391,42,5,6,2.16,1.46,0,0,1,0,6.64,1.0,1.0,0.5,101.5,False,False,False,True,False,True
392,42,5,6,2.16,1.46,0,0,1,0,6.64,1.0,1.0,0.6,85.4,False,False,False,True,False,True
393,42,5,6,2.16,1.46,0,0,1,0,6.64,1.0,1.0,0.7,75.3,False,False,False,True,False,True
394,42,5,6,2.16,1.46,0,0,1,0,6.64,1.0,1.0,1.0,34.6,False,False,False,True,False,True
395,42,5,6,2.16,1.46,1,1,2,1,115.0,1.0,0.7,0.5,225.0,False,False,False,True,False,True
396,42,5,6,2.16,1.46,1,1,2,1,115.0,1.0,0.7,1.0,214.8,False,False,False,True,False,True
397,42,5,6,2.16,1.46,1,1,2,1,115.0,1.0,0.7,2.0,131.0,False,False,False,True,False,True
398,42,5,6,2.16,1.46,1,1,2,1,115.0,1.0,0.7,3.0,120.0,False,False,False,True,False,True
399,42,5,6,2.16,1.46,1,1,2,1,115.0,1.0,0.7,4.0,112.0,False,False,False,True,False,True
400,42,5,6,2.16,1.46,1,1,2,1,115.0,1.0,0.7,5.0,106.0,False,False,False,True,False,True
401,42,5,6,2.16,1.46,0,0,2,0,30.0,3.0,0.42,1.0,159.0,False,True,False,False,True,False
402,42,5,6,2.16,1.46,0,0,2,0,30.0,3.0,0.42,2.0,149.0,False,True,False,False,True,False
403,42,5,6,2.16,1.46,0,0,2,0,30.0,3.0,0.42,3.0,135.0,False,True,False,False,True,False
404,42,5,6,2.16,1.46,0,0,2,0,30.0,3.0,0.42,5.0,124.0,False,True,False,False,True,False
405,42,5,6,2.16,1.46,0,0,2,0,30.0,3.0,0.42,10.0,112.0,False,True,False,False,True,False
406,42,5,6,2.16,1.46,0,0,2,0,30.0,3.0,0.42,20.0,99.0,False,True,False,False,True,False
407,42,5,6,2.16,1.46,3,4,2,2,39.4,3.0,0.42,1.0,452.7,False,True,False,False,True,False
408,42,5,6,2.16,1.46,3,4,2,2,39.4,3.0,0.42,2.0,404.3,False,True,False,False,True,False
409,42,5,6,2.16,1.46,3,4,2,2,39.4,3.0,0.42,3.0,395.4,False,True,False,False,True,False
410,42,5,6,2.16,1.46,3,4,2,2,39.4,3.0,0.42,5.0,386.3,False,True,False,False,True,False
411,42,5,6,2.16,1.46,3,4,2,2,39.4,3.0,0.42,10.0,318.1,False,True,False,False,True,False
412,42,5,6,2.16,1.46,3,4,2,2,39.4,3.0,0.42,20.0,272.7,False,True,False,False,True,False
413,42,5,6,2.16,1.46,0,0,2,0,9.28,6.0,0.5,2.0,109.0,False,True,False,False,True,False
414,42,5,6,2.16,1.46,0,0,2,0,9.28,6.0,0.5,5.0,100.0,False,True,False,False,True,False
415,42,5,6,2.16,1.46,0,0,2,0,9.28,6.0,0.5,10.0,75.0,False,True,False,False,True,False
416,42,5,6,2.16,1.46,0,0,2,0,9.28,6.0,0.5,15.0,61.0,False,True,False,False,True,False
417,42,5,6,2.16,1.46,2,2,2,1,10.31,6.0,0.5,2.0,132.0,False,True,False,False,True,False
418,42,5,6,2.16,1.46,2,2,2,1,10.31,6.0,0.5,5.0,111.0,False,True,False,False,True,False
419,42,5,6,2.16,1.46,2,2,2,1,10.31,6.0,0.5,10.0,89.0,False,True,False,False,True,False
420,42,5,6,2.16,1.46,2,2,2,1,10.31,6.0,0.5,15.0,66.0,False,True,False,False,True,False
421,42,5,6,2.16,1.46,2,2,2,1,15.01,6.0,0.5,2.0,145.0,False,True,False,False,True,False
422,42,5,6,2.16,1.46,2,2,2,1,15.01,6.0,0.5,5.0,132.0,False,True,False,False,True,False
423,42,5,6,2.16,1.46,2,2,2,1,15.01,6.0,0.5,10.0,111.0,False,True,False,False,True,False
424,42,5,6,2.16,1.46,2,2,2,1,15.01,6.0,0.5,15.0,98.0,False,True,False,False,True,False
425,42,5,6,2.16,1.46,2,2,2,1,26.07,6.0,0.5,2.0,212.0,False,True,False,False,True,False
426,42,5,6,2.16,1.46,2,2,2,1,26.07,6.0,0.5,5.0,155.0,False,True,False,False,True,False
427,42,5,6,2.16,1.46,2,2,2,1,26.07,6.0,0.5,10.0,133.0,False,True,False,False,True,False
428,42,5,6,2.16,1.46,2,2,2,1,26.07,6.0,0.5,15.0,105.0,False,True,False,False,True,False
429,42,5,6,2.16,1.46,2,2,2,1,13.28,6.0,0.5,2.0,199.0,False,True,False,False,True,False
430,42,5,6,2.16,1.46,2,2,2,1,13.28,6.0,0.5,5.0,136.0,False,True,False,False,True,False
431,42,5,6,2.16,1.46,2,2,2,1,13.28,6.0,0.5,10.0,120.0,False,True,False,False,True,False
432,42,5,6,2.16,1.46,2,2,2,1,13.28,6.0,0.5,15.0,100.0,False,True,False,False,True,False
433,42,5,6,2.16,1.46,0,0,1,0,21.1,1.0,1.0,1.0,119.0,False,False,False,True,False,True
434,42,5,6,2.16,1.46,0,0,1,0,21.1,1.0,1.0,1.5,108.0,False,False,False,True,False,True
435,42,5,6,2.16,1.46,0,0,1,0,21.1,1.0,1.0,3.0,94.0,False,False,False,True,False,True
436,42,5,6,2.16,1.46,0,0,1,0,21.1,1.0,1.0,5.0,85.0,False,False,False,True,False,True
437,42,5,6,2.16,1.46,0,0,1,0,21.1,1.0,1.0,10.0,71.0,False,False,False,True,False,True
438,42,5,6,2.16,1.46,2,2,1,1,70.1,1.0,0.8,0.75,331.0,True,False,False,False,False,True
439,42,5,6,2.16,1.46,2,2,1,1,70.1,1.0,0.8,1.0,310.0,True,False,False,False,False,True
440,42,5,6,2.16,1.46,2,2,1,1,70.1,1.0,0.8,2.0,247.0,True,False,False,False,False,True
441,42,5,6,2.16,1.46,2,2,1,1,70.1,1.0,0.8,3.0,231.0,True,False,False,False,False,True
442,42,5,6,2.16,1.46,2,2,1,1,70.1,1.0,0.8,4.0,216.0,True,False,False,False,False,True
443,42,5,6,2.16,1.46,2,2,1,1,70.1,1.0,0.8,5.0,206.0,True,False,False,False,False,True
444,42,5,6,2.16,1.46,2,2,1,1,70.1,1.0,0.8,10.0,172.0,True,False,False,False,False,True
445,42,5,6,2.16,1.46,2,2,1,1,24.8,1.0,0.8,0.75,103.0,True,False,False,False,False,True
446,42,5,6,2.16,1.46,0,0,3,0,1.75,1.0,0.6,2.0,173.0,False,True,False,False,True,False
447,42,5,6,2.16,1.46,0,0,3,0,1.75,1.0,0.6,4.0,169.0,False,True,False,False,True,False
448,42,5,6,2.16,1.46,0,0,3,0,1.75,1.0,0.6,6.0,146.0,False,True,False,False,True,False
449,42,5,6,2.16,1.46,0,0,3,0,1.75,1.0,0.6,8.0,125.0,False,True,False,False,True,False
450,42,5,6,2.16,1.46,0,0,3,0,1.75,1.0,0.6,10.0,111.0,False,True,False,False,True,False
451,42,5,6,2.16,1.46,0,0,3,0,1.75,1.0,0.6,20.0,102.0,False,True,False,False,True,False
452,50,5,14,1.96,1.4,0,0,2,0,64.8,2.0,0.5,1.0,431.82,False,True,False,False,True,False
453,50,5,14,1.96,1.4,0,0,2,0,64.8,2.0,0.5,2.0,398.88,False,True,False,False,True,False
454,50,5,14,1.96,1.4,0,0,2,0,64.8,2.0,0.5,3.0,312.18,False,True,False,False,True,False
455,50,5,14,1.96,1.4,0,0,2,0,64.8,2.0,0.5,5.0,272.0,False,True,False,False,True,False
456,50,5,14,1.96,1.4,0,0,2,0,64.8,2.0,0.5,7.0,230.7,False,True,False,False,True,False
457,50,5,14,1.96,1.4,0,0,2,0,64.8,2.0,0.5,8.0,156.88,False,True,False,False,True,False
458,50,5,14,1.96,1.4,0,0,2,0,64.8,2.0,0.5,10.0,126.2,False,True,False,False,True,False
459,50,5,14,1.96,1.4,0,0,0,0,27.4,2.0,0.5,1.0,112.72,False,True,False,False,True,False
460,50,5,14,1.96,1.4,0,0,0,0,27.4,2.0,0.5,2.0,104.95,False,True,False,False,True,False
461,50,5,14,1.96,1.4,0,0,0,0,27.4,2.0,0.5,3.0,67.76,False,True,False,False,True,False
462,50,5,14,1.96,1.4,0,0,0,0,27.4,2.0,0.5,5.0,67.0,False,True,False,False,True,False
463,50,5,14,1.96,1.4,0,0,0,0,27.4,2.0,0.5,7.0,44.24,False,True,False,False,True,False
464,50,5,14,1.96,1.4,0,0,0,0,27.4,2.0,0.5,8.0,35.36,False,True,False,False,True,False
465,50,5,14,1.96,1.4,0,0,0,0,27.4,2.0,0.5,10.0,28.8,False,True,False,False,True,False
466,50,5,14,1.96,1.4,0,0,3,0,32.9,2.0,0.5,1.0,390.38,False,True,False,False,True,False
467,50,5,14,1.96,1.4,0,0,3,0,32.9,2.0,0.5,2.0,366.24,False,True,False,False,True,False
468,50,5,14,1.96,1.4,0,0,3,0,32.9,2.0,0.5,3.0,247.2,False,True,False,False,True,False
469,50,5,14,1.96,1.4,0,0,3,0,32.9,2.0,0.5,5.0,240.3,False,True,False,False,True,False
470,50,5,14,1.96,1.4,0,0,3,0,32.9,2.0,0.5,7.0,171.52,False,True,False,False,True,False
471,50,5,14,1.96,1.4,0,0,3,0,32.9,2.0,0.5,8.0,121.04,False,True,False,False,True,False
472,50,5,14,1.96,1.4,0,0,3,0,32.9,2.0,0.5,10.0,100.4,False,True,False,False,True,False
473,50,5,14,1.96,1.4,0,0,1,0,17.5,3.5,0.5,1.0,89.4,False,True,False,False,True,False
474,50,5,14,1.96,1.4,0,0,1,0,17.5,3.5,0.5,2.0,71.3,False,True,False,False,True,False
475,50,5,14,1.96,1.4,0,0,1,0,17.5,3.5,0.5,4.0,64.9,False,True,False,False,True,False
476,50,5,14,1.96,1.4,0,0,1,0,17.5,3.5,0.5,10.0,50.6,False,True,False,False,True,False
477,50,5,14,1.96,1.4,0,0,3,0,52.44,2.0,0.42,1.0,497.0,False,True,False,False,True,False
478,50,5,14,1.96,1.4,0,0,3,0,52.44,2.0,0.42,1.5,471.0,False,True,False,False,True,False
479,50,5,14,1.96,1.4,0,0,3,0,52.44,2.0,0.42,2.0,454.0,False,True,False,False,True,False
480,50,5,14,1.96,1.4,0,0,3,0,52.44,2.0,0.42,2.5,437.0,False,True,False,False,True,False
481,50,5,14,1.96,1.4,0,0,3,0,52.44,2.0,0.42,3.0,429.0,False,True,False,False,True,False
482,50,5,14,1.96,1.4,0,0,3,0,52.44,2.0,0.42,5.0,343.0,False,True,False,False,True,False
483,50,5,14,1.96,1.4,1,4,3,4,64.29,2.0,0.42,1.0,938.0,False,True,False,False,True,False
484,50,5,14,1.96,1.4,1,4,3,4,64.29,2.0,0.42,1.5,906.0,False,True,False,False,True,False
485,50,5,14,1.96,1.4,1,4,3,4,64.29,2.0,0.42,2.0,882.0,False,True,False,False,True,False
486,50,5,14,1.96,1.4,1,4,3,4,64.29,2.0,0.42,2.5,857.0,False,True,False,False,True,False
487,50,5,14,1.96,1.4,1,4,3,4,64.29,2.0,0.42,3.0,803.0,False,True,False,False,True,False
488,50,5,14,1.96,1.4,1,4,3,4,64.29,2.0,0.42,3.5,774.0,False,True,False,False,True,False
489,50,5,14,1.96,1.4,1,4,3,4,64.29,2.0,0.42,4.0,730.0,False,True,False,False,True,False
490,50,5,14,1.96,1.4,1,4,3,4,64.29,2.0,0.42,4.5,704.0,False,True,False,False,True,False
491,50,5,14,1.96,1.4,1,4,3,4,64.29,2.0,0.42,5.0,682.0,False,True,False,False,True,False
492,50,5,14,1.96,1.4,0,0,3,0,25.0,1.0,1.0,1.0,45.65,False,False,True,False,False,True
493,50,5,14,1.96,1.4,0,0,3,0,25.0,1.0,1.0,1.0,18.4,False,False,False,True,False,True
494,50,5,14,1.96,1.4,0,0,3,0,25.0,1.0,1.0,1.0,62.85,False,True,False,False,True,False
495,50,5,14,1.96,1.4,0,0,2,0,42.0,1.0,1.0,1.0,112.0,False,False,True,False,False,True
496,50,5,14,1.96,1.4,0,0,2,0,42.0,1.0,1.0,1.0,19.74,False,False,False,True,False,True
497,50,5,14,1.96,1.4,0,0,2,0,42.0,1.0,1.0,1.0,89.14,False,True,False,False,True,False
498,50,5,14,1.96,1.4,0,0,4,0,72.4,1.0,0.8,3.0,165.2,False,False,False,True,True,False
499,50,5,14,1.96,1.4,0,0,4,0,72.4,1.0,0.8,3.5,160.0,False,False,False,True,True,False
500,50,5,14,1.96,1.4,0,0,4,0,72.4,1.0,0.8,5.0,131.3,False,False,False,True,True,False
501,50,5,14,1.96,1.4,0,0,4,0,72.4,1.0,0.8,10.0,122.0,False,False,False,True,True,False
502,50,5,14,1.96,1.4,0,0,4,0,72.4,1.0,0.8,20.0,108.0,False,False,False,True,True,False
503,50,5,14,1.96,1.4,0,0,1,0,44.6,2.0,0.6,1.0,85.4,False,True,False,False,True,False
504,50,5,14,1.96,1.4,0,0,1,0,44.6,2.0,0.6,2.0,47.7,False,True,False,False,True,False
505,50,5,14,1.96,1.4,0,0,1,0,44.6,2.0,0.6,3.0,32.5,False,True,False,False,True,False
506,50,5,14,1.96,1.4,0,0,1,0,44.6,2.0,0.6,4.0,17.0,False,True,False,False,True,False
507,50,5,14,1.96,1.4,0,0,1,0,44.6,2.0,0.6,5.0,14.8,False,True,False,False,True,False
508,50,5,14,1.96,1.4,2,2,1,3,115.0,2.0,0.6,1.0,565.0,False,True,False,False,True,False
509,50,5,14,1.96,1.4,2,2,1,3,115.0,2.0,0.6,2.0,367.0,False,True,False,False,True,False
510,50,5,14,1.96,1.4,2,2,1,3,115.0,2.0,0.6,3.0,288.0,False,True,False,False,True,False
511,50,5,14,1.96,1.4,2,2,1,3,115.0,2.0,0.6,4.0,232.0,False,True,False,False,True,False
512,50,5,14,1.96,1.4,2,2,1,3,115.0,2.0,0.6,5.0,195.0,False,True,False,False,True,False
513,50,5,14,1.96,1.4,0,0,3,0,78.22,2.0,0.45,0.3,124.79,False,True,False,False,True,False
514,50,5,14,1.96,1.4,0,0,3,0,78.22,2.0,0.45,0.5,121.18,False,True,False,False,True,False
515,50,5,14,1.96,1.4,0,0,3,0,78.22,2.0,0.45,1.0,106.53,False,True,False,False,True,False
516,50,5,14,1.96,1.4,0,0,3,0,78.22,2.0,0.45,3.0,77.42,False,True,False,False,True,False
517,50,5,14,1.96,1.4,0,0,3,0,78.22,2.0,0.45,5.0,65.32,False,True,False,False,True,False
518,50,5,14,1.96,1.4,0,0,3,0,78.22,2.0,0.45,10.0,49.45,False,True,False,False,True,False
519,50,5,14,1.96,1.4,2,2,3,1,41.82,2.0,0.45,0.3,273.54,False,True,False,False,True,False
520,50,5,14,1.96,1.4,2,2,3,1,41.82,2.0,0.45,0.5,232.97,False,True,False,False,True,False
521,50,5,14,1.96,1.4,2,2,3,1,41.82,2.0,0.45,1.0,201.33,False,True,False,False,True,False
522,50,5,14,1.96,1.4,2,2,3,1,41.82,2.0,0.45,3.0,155.62,False,True,False,False,True,False
523,50,5,14,1.96,1.4,2,2,3,1,41.82,2.0,0.45,5.0,134.48,False,True,False,False,True,False
524,50,5,14,1.96,1.4,2,2,3,1,41.82,2.0,0.45,10.0,101.31,False,True,False,False,True,False
525,74,6,6,1.7,1.5,0,0,3,0,16.64,2.0,0.6,0.75,241.5,False,True,False,False,True,False
526,74,6,6,1.7,1.5,0,0,3,0,16.64,2.0,0.6,1.0,208.13,False,True,False,False,True,False
527,74,6,6,1.7,1.5,0,0,3,0,16.64,2.0,0.6,2.0,177.8,False,True,False,False,True,False
528,74,6,6,1.7,1.5,0,0,3,0,16.64,2.0,0.6,3.0,167.85,False,True,False,False,True,False
529,74,6,6,1.7,1.5,0,0,3,0,16.64,2.0,0.6,4.0,160.06,False,True,False,False,True,False
530,74,6,6,1.7,1.5,0,0,3,0,16.64,2.0,0.6,5.0,155.08,False,True,False,False,True,False
531,74,6,6,1.7,1.5,0,0,3,0,16.64,2.0,0.6,6.0,150.0,False,True,False,False,True,False
532,74,6,6,1.7,1.5,0,0,3,0,16.64,2.0,0.6,7.0,147.58,False,True,False,False,True,False
533,74,6,6,1.7,1.5,0,0,3,0,16.64,2.0,0.6,10.0,139.0,False,True,False,False,True,False
534,74,6,6,1.7,1.5,0,0,1,0,5.24,3.0,0.55,1.0,261.8,False,True,False,False,True,False
535,74,6,6,1.7,1.5,0,0,1,0,5.24,3.0,0.55,1.5,220.9,False,True,False,False,True,False
536,74,6,6,1.7,1.5,0,0,1,0,5.24,3.0,0.55,2.0,163.6,False,True,False,False,True,False
537,74,6,6,1.7,1.5,0,0,1,0,5.24,3.0,0.55,2.5,86.3,False,True,False,False,True,False
538,74,6,6,1.7,1.5,0,0,1,0,5.24,3.0,0.55,3.0,65.4,False,True,False,False,True,False
539,74,6,6,1.7,1.5,0,0,2,0,39.89,1.0,0.9,0.5,156.0,True,False,False,False,False,True
540,74,6,6,1.7,1.5,0,0,2,0,39.89,1.0,0.9,0.8,113.3,True,False,False,False,False,True
541,74,6,6,1.7,1.5,0,0,2,0,39.89,1.0,0.9,1.0,95.6,True,False,False,False,False,True
542,74,6,6,1.7,1.5,0,0,2,0,39.89,1.0,0.9,3.0,74.3,True,False,False,False,False,True
543,74,6,6,1.7,1.5,0,0,2,0,39.89,1.0,0.9,5.0,69.6,True,False,False,False,False,True
544,74,6,6,1.7,1.5,0,0,2,0,12.8,1.0,0.8,0.25,243.8,False,True,False,False,True,False
545,74,6,6,1.7,1.5,0,0,2,0,12.8,1.0,0.8,0.5,236.0,False,True,False,False,True,False
546,74,6,6,1.7,1.5,0,0,2,0,12.8,1.0,0.8,1.0,228.2,False,True,False,False,True,False
547,74,6,6,1.7,1.5,0,0,2,0,12.8,1.0,0.8,2.0,220.0,False,True,False,False,True,False
548,74,6,6,1.7,1.5,0,0,2,0,12.8,1.0,0.8,5.0,208.0,False,True,False,False,True,False
549,74,6,6,1.7,1.5,0,0,3,0,3.63,2.0,0.6,0.2,264.8,False,True,False,False,True,False
550,74,6,6,1.7,1.5,0,0,3,0,3.63,2.0,0.6,0.5,244.9,False,True,False,False,True,False
551,74,6,6,1.7,1.5,0,0,3,0,3.63,2.0,0.6,1.0,220.7,False,True,False,False,True,False
552,74,6,6,1.7,1.5,0,0,3,0,3.63,2.0,0.6,2.0,205.5,False,True,False,False,True,False
553,74,6,6,1.7,1.5,0,0,3,0,3.63,2.0,0.6,4.0,175.4,False,True,False,False,True,False
554,74,6,6,1.7,1.5,0,0,3,0,3.63,2.0,0.6,10.0,134.5,False,True,False,False,True,False
555,74,6,6,1.7,1.5,0,0,0,0,7.2,1.0,0.8,0.5,62.2,False,False,False,True,True,False
556,74,6,6,1.7,1.5,0,0,0,0,7.2,1.0,0.8,1.0,60.2,False,False,False,True,True,False
557,74,6,6,1.7,1.5,0,0,0,0,7.2,1.0,0.8,2.0,57.0,False,False,False,True,True,False
558,74,6,6,1.7,1.5,0,0,0,0,7.2,1.0,0.8,5.0,52.6,False,False,False,True,True,False
559,74,6,6,1.7,1.5,0,0,0,0,7.2,1.0,0.8,10.0,48.6,False,False,False,True,True,False
560,74,6,6,1.7,1.5,0,0,1,0,13.6,1.0,0.8,0.5,143.9,False,False,False,True,True,False
561,74,6,6,1.7,1.5,0,0,1,0,13.6,1.0,0.8,1.0,137.1,False,False,False,True,True,False
562,74,6,6,1.7,1.5,0,0,1,0,13.6,1.0,0.8,2.0,131.0,False,False,False,True,True,False
563,74,6,6,1.7,1.5,0,0,1,0,13.6,1.0,0.8,5.0,124.1,False,False,False,True,True,False
564,74,6,6,1.7,1.5,0,0,1,0,13.6,1.0,0.8,10.0,117.6,False,False,False,True,True,False
565,74,6,6,1.7,1.5,1,1,2,1,28.6,1.0,0.8,0.25,113.0,False,False,False,True,True,False
566,74,6,6,1.7,1.5,1,1,2,1,28.6,1.0,0.8,0.5,103.0,False,False,False,True,True,False
567,74,6,6,1.7,1.5,1,1,2,1,28.6,1.0,0.8,1.0,99.0,False,False,False,True,True,False
568,74,6,6,1.7,1.5,1,1,2,1,28.6,1.0,0.8,2.0,96.0,False,False,False,True,True,False
569,74,6,6,1.7,1.5,1,1,2,1,28.6,1.0,0.8,5.0,91.0,False,False,False,True,True,False
570,74,6,6,1.7,1.5,0,0,2,0,3.7,1.0,0.5,0.2,368.0,False,True,False,False,True,False
571,74,6,6,1.7,1.5,0,0,2,0,3.7,1.0,0.5,1.0,360.0,False,True,False,False,True,False
572,74,6,6,1.7,1.5,0,0,2,0,3.7,1.0,0.5,3.0,287.0,False,True,False,False,True,False
573,74,6,6,1.7,1.5,0,0,2,0,3.7,1.0,0.5,4.0,238.0,False,True,False,False,True,False
574,74,6,6,1.7,1.5,0,0,2,0,3.7,1.0,0.5,8.0,177.0,False,True,False,False,True,False
575,74,6,6,1.7,1.5,0,0,2,0,3.7,1.0,0.5,10.0,142.0,False,True,False,False,True,False
576,74,6,6,1.7,1.5,1,1,2,1,10.8,1.0,0.5,0.2,604.0,False,True,False,False,True,False
577,74,6,6,1.7,1.5,1,1,2,1,10.8,1.0,0.5,1.0,600.0,False,True,False,False,True,False
578,74,6,6,1.7,1.5,1,1,2,1,10.8,1.0,0.5,2.0,527.0,False,True,False,False,True,False
579,74,6,6,1.7,1.5,1,1,2,1,10.8,1.0,0.5,4.0,476.0,False,True,False,False,True,False
580,74,6,6,1.7,1.5,1,1,2,1,10.8,1.0,0.5,8.0,391.0,False,True,False,False,True,False
581,74,6,6,1.7,1.5,1,1,2,1,10.8,1.0,0.5,10.0,340.0,False,True,False,False,True,False
